{
  "version": "1.0",
  "gridBounds": {
    "min": [
      -105.80000000000001,
      -30.400000000000002,
      -65.60000000000001
    ],
    "max": [
      67,
      31.400000000000002,
      58.2
    ]
  },
  "sceneBounds": {
    "min": [
      -105.66506114438516,
      -30.27203463853984,
      -65.4002662720103
    ],
    "max": [
      66.96806922308383,
      31.230600661807777,
      58.105978776905246
    ]
  },
  "voxelResolution": 0.05,
  "leafSize": 4,
  "treeDepth": 10,
  "numInteriorNodes": 562147,
  "numMixedLeaves": 1776839,
  "nodeCount": 2648032,
  "leafDataCount": 3553678
}