{
  "version": "1.0",
  "gridBounds": {
    "min": [
      -18,
      -4.6000000000000005,
      -14.4
    ],
    "max": [
      16,
      15,
      13.600000000000001
    ]
  },
  "sceneBounds": {
    "min": [
      -17.80524672118859,
      -4.519650716788532,
      -14.292523071071495
    ],
    "max": [
      15.985394806803756,
      14.924154533766357,
      13.593883215203467
    ]
  },
  "voxelResolution": 0.05,
  "leafSize": 4,
  "treeDepth": 8,
  "numInteriorNodes": 15203,
  "numMixedLeaves": 54941,
  "nodeCount": 82404,
  "leafDataCount": 109882
}