{
  "version": "1.0",
  "gridBounds": {
    "min": [
      -66.4,
      -19.200000000000003,
      -41.2
    ],
    "max": [
      42,
      19.6,
      36.4
    ]
  },
  "sceneBounds": {
    "min": [
      -66.04066254516351,
      -18.9200210838873,
      -40.875165894485036
    ],
    "max": [
      41.855041730865764,
      19.519125630301986,
      36.31623703628975
    ]
  },
  "voxelResolution": 0.1,
  "leafSize": 4,
  "treeDepth": 9,
  "numInteriorNodes": 39718,
  "numMixedLeaves": 132033,
  "nodeCount": 181151,
  "leafDataCount": 264066
}