{
  "version": "1.0",
  "gridBounds": {
    "min": [
      -46.400000000000006,
      -13.4,
      -28.8
    ],
    "max": [
      29.400000000000002,
      13.8,
      25.6
    ]
  },
  "sceneBounds": {
    "min": [
      -46.28632936318522,
      -13.26059272511425,
      -28.648431368990956
    ],
    "max": [
      29.335204021874123,
      13.68049074828566,
      25.453186532682075
    ]
  },
  "voxelResolution": 0.05,
  "leafSize": 4,
  "treeDepth": 9,
  "numInteriorNodes": 84840,
  "numMixedLeaves": 278655,
  "nodeCount": 390245,
  "leafDataCount": 557310
}